,YEARS,GDPI,REALGDP,NOMINALGDP,GDPDEFLATOR,RELATIONGDPI,RELATIONREALGDP,GDPDEFLATORPREV,INFLATIONRATEBASE,INFLATIONRATEPREV,REALGDPBASE,REALGDPPREV
0,2010,38.61,100.0,100.0,100.0,1.0,1.0,1.0,100.0,100.0,100.0,100.0
1,2011,27.78,89.2,0.719502719503,0.806617398546,0.719502719503,0.892,0.806617398546,-0.193382601454,-0.193382601454,34.44012,34.44012
2,2012,75.54,78.2,1.95648795649,2.50190275766,2.7192224622,0.87668161435,3.10172178553,1.50190275766,2.10172178553,30.19302,24.3542152466
3,2013,202.99,81.4,5.25744625745,6.45877918605,2.68718559703,1.04092071611,2.58154685121,5.45877918605,1.58154685121,31.42854,78.6311508951
4,2014,1648.68,82.9,42.7008547009,51.5088717743,8.12197645204,1.01842751843,7.97501668512,50.5088717743,6.97501668512,32.00769,206.730601966
5,2015,979.18,90.3,25.3607873608,28.085035837,0.593917558289,1.0892641737,0.545246573446,27.085035837,-0.454753426554,34.86483,1795.8480579
6,2016,1376.94,92.7,35.6627816628,38.4711776298,1.40621744725,1.02657807309,1.36981052305,37.4711776298,0.369810523051,35.79147,1005.20471761
